<?xml version="1.0"?>
<WLANProfile xmlns="http://www.microsoft.com/networking/WLAN/profile/v1">
	<name>BVCH_DANANG_FREE 2</name>
	<SSIDConfig>
		<SSID>
			<hex>425643485F44414E414E475F46524545</hex>
			<name>BVCH_DANANG_FREE</name>
		</SSID>
		<nonBroadcast>true</nonBroadcast>
	</SSIDConfig>
	<connectionType>ESS</connectionType>
	<connectionMode>manual</connectionMode>
	<MSM>
		<security>
			<authEncryption>
				<authentication>open</authentication>
				<encryption>none</encryption>
				<useOneX>false</useOneX>
			</authEncryption>
		</security>
	</MSM>
	<MacRandomization xmlns="http://www.microsoft.com/networking/WLAN/profile/v3">
		<enableRandomization>false</enableRandomization>
	</MacRandomization>
</WLANProfile>
