<?xml version="1.0"?>
<WLANProfile xmlns="http://www.microsoft.com/networking/WLAN/profile/v1">
	<name>FUJIFILM-X-T100-KYTS</name>
	<SSIDConfig>
		<SSID>
			<hex>46554A4946494C4D2D582D543130302D4B595453</hex>
			<name>FUJIFILM-X-T100-KYTS</name>
		</SSID>
	</SSIDConfig>
	<connectionType>ESS</connectionType>
	<connectionMode>manual</connectionMode>
	<MSM>
		<security>
			<authEncryption>
				<authentication>open</authentication>
				<encryption>none</encryption>
				<useOneX>false</useOneX>
			</authEncryption>
		</security>
	</MSM>
	<MacRandomization xmlns="http://www.microsoft.com/networking/WLAN/profile/v3">
		<enableRandomization>false</enableRandomization>
	</MacRandomization>
</WLANProfile>
